STU0617, Student 617, stu617@university.edu
STU0859, Student 859, stu859@university.edu
STU0618, Student 618, stu618@university.edu
STU0619, Student 619, stu619@university.edu
STU0860, Student 860, stu860@university.edu
STU0861, Student 861, stu861@university.edu
STU0620, Student 620, stu620@university.edu
STU0862, Student 862, stu862@university.edu
STU0621, Student 621, stu621@university.edu
STU0863, Student 863, stu863@university.edu
STU0622, Student 622, stu622@university.edu
STU0864, Student 864, stu864@university.edu
STU0623, Student 623, stu623@university.edu
STU0865, Student 865, stu865@university.edu
STU0624, Student 624, stu624@university.edu
STU0866, Student 866, stu866@university.edu
STU0625, Student 625, stu625@university.edu
STU0867, Student 867, stu867@university.edu
STU0626, Student 626, stu626@university.edu
STU0868, Student 868, stu868@university.edu
STU0627, Student 627, stu627@university.edu
STU0869, Student 869, stu869@university.edu
STU0628, Student 628, stu628@university.edu
STU0629, Student 629, stu629@university.edu
STU0870, Student 870, stu870@university.edu
STU0871, Student 871, stu871@university.edu
STU0630, Student 630, stu630@university.edu
STU0872, Student 872, stu872@university.edu
STU0631, Student 631, stu631@university.edu
STU0873, Student 873, stu873@university.edu
STU0632, Student 632, stu632@university.edu
STU0874, Student 874, stu874@university.edu
STU0633, Student 633, stu633@university.edu
STU0875, Student 875, stu875@university.edu
STU0634, Student 634, stu634@university.edu
STU0876, Student 876, stu876@university.edu
STU0635, Student 635, stu635@university.edu
STU0877, Student 877, stu877@university.edu
STU0636, Student 636, stu636@university.edu
STU0878, Student 878, stu878@university.edu
STU0637, Student 637, stu637@university.edu
STU0879, Student 879, stu879@university.edu
STU0638, Student 638, stu638@university.edu
STU0837, Student 837, stu837@university.edu
STU0838, Student 838, stu838@university.edu
STU0839, Student 839, stu839@university.edu
STU0840, Student 840, stu840@university.edu
STU0841, Student 841, stu841@university.edu
STU0600, Student 600, stu600@university.edu
STU0842, Student 842, stu842@university.edu
STU0601, Student 601, stu601@university.edu
STU0843, Student 843, stu843@university.edu
STU0602, Student 602, stu602@university.edu
STU0844, Student 844, stu844@university.edu
STU0603, Student 603, stu603@university.edu
STU0845, Student 845, stu845@university.edu
STU0604, Student 604, stu604@university.edu
STU0846, Student 846, stu846@university.edu
STU0605, Student 605, stu605@university.edu
STU0847, Student 847, stu847@university.edu
STU0606, Student 606, stu606@university.edu
STU0848, Student 848, stu848@university.edu
STU0607, Student 607, stu607@university.edu
STU0849, Student 849, stu849@university.edu
STU0608, Student 608, stu608@university.edu
STU0609, Student 609, stu609@university.edu
STU0850, Student 850, stu850@university.edu
STU0851, Student 851, stu851@university.edu
STU0610, Student 610, stu610@university.edu
STU0852, Student 852, stu852@university.edu
STU0611, Student 611, stu611@university.edu
STU0853, Student 853, stu853@university.edu
STU0612, Student 612, stu612@university.edu
STU0854, Student 854, stu854@university.edu
STU0613, Student 613, stu613@university.edu
STU0855, Student 855, stu855@university.edu
STU0614, Student 614, stu614@university.edu
STU0856, Student 856, stu856@university.edu
STU0615, Student 615, stu615@university.edu
STU0857, Student 857, stu857@university.edu
STU0616, Student 616, stu616@university.edu
STU0858, Student 858, stu858@university.edu
STU0815, Student 815, stu815@university.edu
STU0816, Student 816, stu816@university.edu
STU0817, Student 817, stu817@university.edu
STU0818, Student 818, stu818@university.edu
STU0819, Student 819, stu819@university.edu
STU0820, Student 820, stu820@university.edu
STU0821, Student 821, stu821@university.edu
STU0822, Student 822, stu822@university.edu
STU0823, Student 823, stu823@university.edu
STU0824, Student 824, stu824@university.edu
STU0825, Student 825, stu825@university.edu
STU0826, Student 826, stu826@university.edu
STU0827, Student 827, stu827@university.edu
STU0828, Student 828, stu828@university.edu
STU0829, Student 829, stu829@university.edu
STU0830, Student 830, stu830@university.edu
STU0831, Student 831, stu831@university.edu
STU0832, Student 832, stu832@university.edu
STU0833, Student 833, stu833@university.edu
STU0834, Student 834, stu834@university.edu
STU0835, Student 835, stu835@university.edu
STU0836, Student 836, stu836@university.edu
STU0800, Student 800, stu800@university.edu
STU0801, Student 801, stu801@university.edu
STU0802, Student 802, stu802@university.edu
STU0803, Student 803, stu803@university.edu
STU0804, Student 804, stu804@university.edu
STU0805, Student 805, stu805@university.edu
STU0806, Student 806, stu806@university.edu
STU0807, Student 807, stu807@university.edu
STU0808, Student 808, stu808@university.edu
STU0809, Student 809, stu809@university.edu
STU0810, Student 810, stu810@university.edu
STU0811, Student 811, stu811@university.edu
STU0812, Student 812, stu812@university.edu
STU0813, Student 813, stu813@university.edu
STU0814, Student 814, stu814@university.edu
STU0460, Student 460, stu460@university.edu
STU0461, Student 461, stu461@university.edu
STU0220, Student 220, stu220@university.edu
STU0462, Student 462, stu462@university.edu
STU0221, Student 221, stu221@university.edu
STU0463, Student 463, stu463@university.edu
STU0222, Student 222, stu222@university.edu
STU0464, Student 464, stu464@university.edu
STU0223, Student 223, stu223@university.edu
STU0465, Student 465, stu465@university.edu
STU0224, Student 224, stu224@university.edu
STU0466, Student 466, stu466@university.edu
STU0225, Student 225, stu225@university.edu
STU0467, Student 467, stu467@university.edu
STU0226, Student 226, stu226@university.edu
STU0468, Student 468, stu468@university.edu
STU0227, Student 227, stu227@university.edu
STU0469, Student 469, stu469@university.edu
STU0228, Student 228, stu228@university.edu
STU0229, Student 229, stu229@university.edu
STU0470, Student 470, stu470@university.edu
STU0471, Student 471, stu471@university.edu
STU0230, Student 230, stu230@university.edu
STU0472, Student 472, stu472@university.edu
STU0231, Student 231, stu231@university.edu
STU0473, Student 473, stu473@university.edu
STU0232, Student 232, stu232@university.edu
STU0474, Student 474, stu474@university.edu
STU0233, Student 233, stu233@university.edu
STU0475, Student 475, stu475@university.edu
STU0234, Student 234, stu234@university.edu
STU0476, Student 476, stu476@university.edu
STU0235, Student 235, stu235@university.edu
STU0477, Student 477, stu477@university.edu
STU0236, Student 236, stu236@university.edu
STU0478, Student 478, stu478@university.edu
STU0237, Student 237, stu237@university.edu
STU0479, Student 479, stu479@university.edu
STU0238, Student 238, stu238@university.edu
STU0239, Student 239, stu239@university.edu
STU0680, Student 680, stu680@university.edu
STU0681, Student 681, stu681@university.edu
STU0440, Student 440, stu440@university.edu
STU0682, Student 682, stu682@university.edu
STU0441, Student 441, stu441@university.edu
STU0683, Student 683, stu683@university.edu
STU0200, Student 200, stu200@university.edu
STU0442, Student 442, stu442@university.edu
STU0684, Student 684, stu684@university.edu
STU0201, Student 201, stu201@university.edu
STU0443, Student 443, stu443@university.edu
STU0685, Student 685, stu685@university.edu
STU0202, Student 202, stu202@university.edu
STU0444, Student 444, stu444@university.edu
STU0686, Student 686, stu686@university.edu
STU0203, Student 203, stu203@university.edu
STU0445, Student 445, stu445@university.edu
STU0687, Student 687, stu687@university.edu
STU0204, Student 204, stu204@university.edu
STU0446, Student 446, stu446@university.edu
STU0688, Student 688, stu688@university.edu
STU0205, Student 205, stu205@university.edu
STU0447, Student 447, stu447@university.edu
STU0689, Student 689, stu689@university.edu
STU0206, Student 206, stu206@university.edu
STU0448, Student 448, stu448@university.edu
STU0207, Student 207, stu207@university.edu
STU0449, Student 449, stu449@university.edu
STU0208, Student 208, stu208@university.edu
STU0209, Student 209, stu209@university.edu
STU0690, Student 690, stu690@university.edu
STU0691, Student 691, stu691@university.edu
STU0450, Student 450, stu450@university.edu
STU0692, Student 692, stu692@university.edu
STU0451, Student 451, stu451@university.edu
STU0693, Student 693, stu693@university.edu
STU0210, Student 210, stu210@university.edu
STU0452, Student 452, stu452@university.edu
STU0694, Student 694, stu694@university.edu
STU0211, Student 211, stu211@university.edu
STU0453, Student 453, stu453@university.edu
STU0695, Student 695, stu695@university.edu
STU0212, Student 212, stu212@university.edu
STU0454, Student 454, stu454@university.edu
STU0696, Student 696, stu696@university.edu
STU0213, Student 213, stu213@university.edu
STU0455, Student 455, stu455@university.edu
STU0697, Student 697, stu697@university.edu
STU0214, Student 214, stu214@university.edu
STU0456, Student 456, stu456@university.edu
STU0698, Student 698, stu698@university.edu
STU0215, Student 215, stu215@university.edu
STU0457, Student 457, stu457@university.edu
STU0699, Student 699, stu699@university.edu
STU0216, Student 216, stu216@university.edu
STU0458, Student 458, stu458@university.edu
STU0217, Student 217, stu217@university.edu
STU0459, Student 459, stu459@university.edu
STU0218, Student 218, stu218@university.edu
STU0219, Student 219, stu219@university.edu
STU0419, Student 419, stu419@university.edu
STU0660, Student 660, stu660@university.edu
STU0661, Student 661, stu661@university.edu
STU0420, Student 420, stu420@university.edu
STU0662, Student 662, stu662@university.edu
STU0421, Student 421, stu421@university.edu
STU0663, Student 663, stu663@university.edu
STU0422, Student 422, stu422@university.edu
STU0664, Student 664, stu664@university.edu
STU0423, Student 423, stu423@university.edu
STU0665, Student 665, stu665@university.edu
STU0424, Student 424, stu424@university.edu
STU0666, Student 666, stu666@university.edu
STU0425, Student 425, stu425@university.edu
STU0667, Student 667, stu667@university.edu
STU0426, Student 426, stu426@university.edu
STU0668, Student 668, stu668@university.edu
STU0427, Student 427, stu427@university.edu
STU0669, Student 669, stu669@university.edu
STU0428, Student 428, stu428@university.edu
STU0429, Student 429, stu429@university.edu
STU0670, Student 670, stu670@university.edu
STU0671, Student 671, stu671@university.edu
STU0430, Student 430, stu430@university.edu
STU0672, Student 672, stu672@university.edu
STU0431, Student 431, stu431@university.edu
STU0673, Student 673, stu673@university.edu
STU0432, Student 432, stu432@university.edu
STU0674, Student 674, stu674@university.edu
STU0433, Student 433, stu433@university.edu
STU0675, Student 675, stu675@university.edu
STU0434, Student 434, stu434@university.edu
STU0676, Student 676, stu676@university.edu
STU0435, Student 435, stu435@university.edu
STU0677, Student 677, stu677@university.edu
STU0436, Student 436, stu436@university.edu
STU0678, Student 678, stu678@university.edu
STU0437, Student 437, stu437@university.edu
STU0679, Student 679, stu679@university.edu
STU0438, Student 438, stu438@university.edu
STU0439, Student 439, stu439@university.edu
STU0639, Student 639, stu639@university.edu
STU0880, Student 880, stu880@university.edu
STU0881, Student 881, stu881@university.edu
STU0640, Student 640, stu640@university.edu
STU0882, Student 882, stu882@university.edu
STU0641, Student 641, stu641@university.edu
STU0883, Student 883, stu883@university.edu
STU0400, Student 400, stu400@university.edu
STU0642, Student 642, stu642@university.edu
STU0884, Student 884, stu884@university.edu
STU0401, Student 401, stu401@university.edu
STU0643, Student 643, stu643@university.edu
STU0885, Student 885, stu885@university.edu
STU0402, Student 402, stu402@university.edu
STU0644, Student 644, stu644@university.edu
STU0886, Student 886, stu886@university.edu
STU0403, Student 403, stu403@university.edu
STU0645, Student 645, stu645@university.edu
STU0887, Student 887, stu887@university.edu
STU0404, Student 404, stu404@university.edu
STU0646, Student 646, stu646@university.edu
STU0888, Student 888, stu888@university.edu
STU0405, Student 405, stu405@university.edu
STU0647, Student 647, stu647@university.edu
STU0889, Student 889, stu889@university.edu
STU0406, Student 406, stu406@university.edu
STU0648, Student 648, stu648@university.edu
STU0407, Student 407, stu407@university.edu
STU0649, Student 649, stu649@university.edu
STU0408, Student 408, stu408@university.edu
STU0409, Student 409, stu409@university.edu
STU0890, Student 890, stu890@university.edu
STU0891, Student 891, stu891@university.edu
STU0650, Student 650, stu650@university.edu
STU0892, Student 892, stu892@university.edu
STU0651, Student 651, stu651@university.edu
STU0893, Student 893, stu893@university.edu
STU0410, Student 410, stu410@university.edu
STU0652, Student 652, stu652@university.edu
STU0894, Student 894, stu894@university.edu
STU0411, Student 411, stu411@university.edu
STU0653, Student 653, stu653@university.edu
STU0895, Student 895, stu895@university.edu
STU0412, Student 412, stu412@university.edu
STU0654, Student 654, stu654@university.edu
STU0896, Student 896, stu896@university.edu
STU0413, Student 413, stu413@university.edu
STU0655, Student 655, stu655@university.edu
STU0897, Student 897, stu897@university.edu
STU0414, Student 414, stu414@university.edu
STU0656, Student 656, stu656@university.edu
STU0898, Student 898, stu898@university.edu
STU0415, Student 415, stu415@university.edu
STU0657, Student 657, stu657@university.edu
STU0899, Student 899, stu899@university.edu
STU0416, Student 416, stu416@university.edu
STU0658, Student 658, stu658@university.edu
STU0417, Student 417, stu417@university.edu
STU0659, Student 659, stu659@university.edu
STU0418, Student 418, stu418@university.edu
STU0180, Student 180, stu180@university.edu
STU0181, Student 181, stu181@university.edu
STU0182, Student 182, stu182@university.edu
STU0183, Student 183, stu183@university.edu
STU0184, Student 184, stu184@university.edu
STU0185, Student 185, stu185@university.edu
STU0186, Student 186, stu186@university.edu
STU0187, Student 187, stu187@university.edu
STU0188, Student 188, stu188@university.edu
STU0189, Student 189, stu189@university.edu
STU0190, Student 190, stu190@university.edu
STU0191, Student 191, stu191@university.edu
STU0192, Student 192, stu192@university.edu
STU0193, Student 193, stu193@university.edu
STU0194, Student 194, stu194@university.edu
STU0195, Student 195, stu195@university.edu
STU0196, Student 196, stu196@university.edu
STU0197, Student 197, stu197@university.edu
STU0198, Student 198, stu198@university.edu
STU0199, Student 199, stu199@university.edu
STU0160, Student 160, stu160@university.edu
STU0161, Student 161, stu161@university.edu
STU0162, Student 162, stu162@university.edu
STU0163, Student 163, stu163@university.edu
STU0164, Student 164, stu164@university.edu
STU0165, Student 165, stu165@university.edu
STU0166, Student 166, stu166@university.edu
STU0167, Student 167, stu167@university.edu
STU0168, Student 168, stu168@university.edu
STU0169, Student 169, stu169@university.edu
STU0170, Student 170, stu170@university.edu
STU0171, Student 171, stu171@university.edu
STU0172, Student 172, stu172@university.edu
STU0173, Student 173, stu173@university.edu
STU0174, Student 174, stu174@university.edu
STU0175, Student 175, stu175@university.edu
STU0176, Student 176, stu176@university.edu
STU0177, Student 177, stu177@university.edu
STU0178, Student 178, stu178@university.edu
STU0179, Student 179, stu179@university.edu
STU0380, Student 380, stu380@university.edu
STU0381, Student 381, stu381@university.edu
STU0140, Student 140, stu140@university.edu
STU0382, Student 382, stu382@university.edu
STU0141, Student 141, stu141@university.edu
STU0383, Student 383, stu383@university.edu
STU0142, Student 142, stu142@university.edu
STU0384, Student 384, stu384@university.edu
STU0143, Student 143, stu143@university.edu
STU0385, Student 385, stu385@university.edu
STU0144, Student 144, stu144@university.edu
STU0386, Student 386, stu386@university.edu
STU0145, Student 145, stu145@university.edu
STU0387, Student 387, stu387@university.edu
STU0146, Student 146, stu146@university.edu
STU0388, Student 388, stu388@university.edu
STU0147, Student 147, stu147@university.edu
STU0389, Student 389, stu389@university.edu
STU0148, Student 148, stu148@university.edu
STU0149, Student 149, stu149@university.edu
STU0390, Student 390, stu390@university.edu
STU0391, Student 391, stu391@university.edu
STU0150, Student 150, stu150@university.edu
STU0392, Student 392, stu392@university.edu
STU0151, Student 151, stu151@university.edu
STU0393, Student 393, stu393@university.edu
STU0152, Student 152, stu152@university.edu
STU0394, Student 394, stu394@university.edu
STU1000, Student 1000, stu1000@university.edu
STU0153, Student 153, stu153@university.edu
STU0395, Student 395, stu395@university.edu
STU0154, Student 154, stu154@university.edu
STU0396, Student 396, stu396@university.edu
STU0155, Student 155, stu155@university.edu
STU0397, Student 397, stu397@university.edu
STU0156, Student 156, stu156@university.edu
STU0398, Student 398, stu398@university.edu
STU0157, Student 157, stu157@university.edu
STU0399, Student 399, stu399@university.edu
STU0158, Student 158, stu158@university.edu
STU0159, Student 159, stu159@university.edu
STU0360, Student 360, stu360@university.edu
STU0361, Student 361, stu361@university.edu
STU0120, Student 120, stu120@university.edu
STU0362, Student 362, stu362@university.edu
STU0121, Student 121, stu121@university.edu
STU0363, Student 363, stu363@university.edu
STU0122, Student 122, stu122@university.edu
STU0364, Student 364, stu364@university.edu
STU0123, Student 123, stu123@university.edu
STU0365, Student 365, stu365@university.edu
STU0124, Student 124, stu124@university.edu
STU0366, Student 366, stu366@university.edu
STU0125, Student 125, stu125@university.edu
STU0367, Student 367, stu367@university.edu
STU0126, Student 126, stu126@university.edu
STU0368, Student 368, stu368@university.edu
STU0127, Student 127, stu127@university.edu
STU0369, Student 369, stu369@university.edu
STU0128, Student 128, stu128@university.edu
STU0129, Student 129, stu129@university.edu
STU0370, Student 370, stu370@university.edu
STU0371, Student 371, stu371@university.edu
STU0130, Student 130, stu130@university.edu
STU0372, Student 372, stu372@university.edu
STU0131, Student 131, stu131@university.edu
STU0373, Student 373, stu373@university.edu
STU0132, Student 132, stu132@university.edu
STU0374, Student 374, stu374@university.edu
STU0133, Student 133, stu133@university.edu
STU0375, Student 375, stu375@university.edu
STU0134, Student 134, stu134@university.edu
STU0376, Student 376, stu376@university.edu
STU0135, Student 135, stu135@university.edu
STU0377, Student 377, stu377@university.edu
STU0136, Student 136, stu136@university.edu
STU0378, Student 378, stu378@university.edu
STU0137, Student 137, stu137@university.edu
STU0379, Student 379, stu379@university.edu
STU0138, Student 138, stu138@university.edu
STU0139, Student 139, stu139@university.edu
STU0738, Student 738, stu738@university.edu
STU0739, Student 739, stu739@university.edu
STU0980, Student 980, stu980@university.edu
STU0981, Student 981, stu981@university.edu
STU0740, Student 740, stu740@university.edu
STU0982, Student 982, stu982@university.edu
STU0741, Student 741, stu741@university.edu
STU0983, Student 983, stu983@university.edu
STU0500, Student 500, stu500@university.edu
STU0742, Student 742, stu742@university.edu
STU0984, Student 984, stu984@university.edu
STU0501, Student 501, stu501@university.edu
STU0743, Student 743, stu743@university.edu
STU0985, Student 985, stu985@university.edu
STU0502, Student 502, stu502@university.edu
STU0744, Student 744, stu744@university.edu
STU0986, Student 986, stu986@university.edu
STU0503, Student 503, stu503@university.edu
STU0745, Student 745, stu745@university.edu
STU0987, Student 987, stu987@university.edu
STU0504, Student 504, stu504@university.edu
STU0746, Student 746, stu746@university.edu
STU0988, Student 988, stu988@university.edu
STU0505, Student 505, stu505@university.edu
STU0747, Student 747, stu747@university.edu
STU0989, Student 989, stu989@university.edu
STU0506, Student 506, stu506@university.edu
STU0748, Student 748, stu748@university.edu
STU0507, Student 507, stu507@university.edu
STU0749, Student 749, stu749@university.edu
STU0508, Student 508, stu508@university.edu
STU0509, Student 509, stu509@university.edu
STU0990, Student 990, stu990@university.edu
STU0991, Student 991, stu991@university.edu
STU0750, Student 750, stu750@university.edu
STU0992, Student 992, stu992@university.edu
STU0751, Student 751, stu751@university.edu
STU0993, Student 993, stu993@university.edu
STU0510, Student 510, stu510@university.edu
STU0752, Student 752, stu752@university.edu
STU0994, Student 994, stu994@university.edu
STU0511, Student 511, stu511@university.edu
STU0753, Student 753, stu753@university.edu
STU0995, Student 995, stu995@university.edu
STU0512, Student 512, stu512@university.edu
STU0754, Student 754, stu754@university.edu
STU0996, Student 996, stu996@university.edu
STU0513, Student 513, stu513@university.edu
STU0755, Student 755, stu755@university.edu
STU0997, Student 997, stu997@university.edu
STU0514, Student 514, stu514@university.edu
STU0756, Student 756, stu756@university.edu
STU0998, Student 998, stu998@university.edu
STU0515, Student 515, stu515@university.edu
STU0757, Student 757, stu757@university.edu
STU0999, Student 999, stu999@university.edu
STU0516, Student 516, stu516@university.edu
STU0758, Student 758, stu758@university.edu
STU0517, Student 517, stu517@university.edu
STU0759, Student 759, stu759@university.edu
STU0716, Student 716, stu716@university.edu
STU0958, Student 958, stu958@university.edu
STU0717, Student 717, stu717@university.edu
STU0959, Student 959, stu959@university.edu
STU0718, Student 718, stu718@university.edu
STU0719, Student 719, stu719@university.edu
STU0960, Student 960, stu960@university.edu
STU0961, Student 961, stu961@university.edu
STU0720, Student 720, stu720@university.edu
STU0962, Student 962, stu962@university.edu
STU0721, Student 721, stu721@university.edu
STU0963, Student 963, stu963@university.edu
STU0722, Student 722, stu722@university.edu
STU0964, Student 964, stu964@university.edu
STU0723, Student 723, stu723@university.edu
STU0965, Student 965, stu965@university.edu
STU0724, Student 724, stu724@university.edu
STU0966, Student 966, stu966@university.edu
STU0725, Student 725, stu725@university.edu
STU0967, Student 967, stu967@university.edu
STU0726, Student 726, stu726@university.edu
STU0968, Student 968, stu968@university.edu
STU0727, Student 727, stu727@university.edu
STU0969, Student 969, stu969@university.edu
STU0728, Student 728, stu728@university.edu
STU0729, Student 729, stu729@university.edu
STU0970, Student 970, stu970@university.edu
STU0971, Student 971, stu971@university.edu
STU0730, Student 730, stu730@university.edu
STU0972, Student 972, stu972@university.edu
STU0731, Student 731, stu731@university.edu
STU0973, Student 973, stu973@university.edu
STU0732, Student 732, stu732@university.edu
STU0974, Student 974, stu974@university.edu
STU0733, Student 733, stu733@university.edu
STU0975, Student 975, stu975@university.edu
STU0734, Student 734, stu734@university.edu
STU0976, Student 976, stu976@university.edu
STU0735, Student 735, stu735@university.edu
STU0977, Student 977, stu977@university.edu
STU0736, Student 736, stu736@university.edu
STU0978, Student 978, stu978@university.edu
STU0737, Student 737, stu737@university.edu
STU0979, Student 979, stu979@university.edu
STU0936, Student 936, stu936@university.edu
STU0937, Student 937, stu937@university.edu
STU0938, Student 938, stu938@university.edu
STU0939, Student 939, stu939@university.edu
STU0940, Student 940, stu940@university.edu
STU0941, Student 941, stu941@university.edu
STU0700, Student 700, stu700@university.edu
STU0942, Student 942, stu942@university.edu
STU0701, Student 701, stu701@university.edu
STU0943, Student 943, stu943@university.edu
STU0702, Student 702, stu702@university.edu
STU0944, Student 944, stu944@university.edu
STU0703, Student 703, stu703@university.edu
STU0945, Student 945, stu945@university.edu
STU0704, Student 704, stu704@university.edu
STU0946, Student 946, stu946@university.edu
STU0705, Student 705, stu705@university.edu
STU0947, Student 947, stu947@university.edu
STU0706, Student 706, stu706@university.edu
STU0948, Student 948, stu948@university.edu
STU0707, Student 707, stu707@university.edu
STU0949, Student 949, stu949@university.edu
STU0708, Student 708, stu708@university.edu
STU0709, Student 709, stu709@university.edu
STU0950, Student 950, stu950@university.edu
STU0951, Student 951, stu951@university.edu
STU0710, Student 710, stu710@university.edu
STU0952, Student 952, stu952@university.edu
STU0711, Student 711, stu711@university.edu
STU0953, Student 953, stu953@university.edu
STU0712, Student 712, stu712@university.edu
STU0954, Student 954, stu954@university.edu
STU0713, Student 713, stu713@university.edu
STU0955, Student 955, stu955@university.edu
STU0714, Student 714, stu714@university.edu
STU0956, Student 956, stu956@university.edu
STU0715, Student 715, stu715@university.edu
STU0957, Student 957, stu957@university.edu
STU0914, Student 914, stu914@university.edu
STU0915, Student 915, stu915@university.edu
STU0916, Student 916, stu916@university.edu
STU0917, Student 917, stu917@university.edu
STU0918, Student 918, stu918@university.edu
STU0919, Student 919, stu919@university.edu
STU0920, Student 920, stu920@university.edu
STU0921, Student 921, stu921@university.edu
STU0922, Student 922, stu922@university.edu
STU0923, Student 923, stu923@university.edu
STU0924, Student 924, stu924@university.edu
STU0925, Student 925, stu925@university.edu
STU0926, Student 926, stu926@university.edu
STU0927, Student 927, stu927@university.edu
STU0928, Student 928, stu928@university.edu
STU0929, Student 929, stu929@university.edu
STU0930, Student 930, stu930@university.edu
STU0931, Student 931, stu931@university.edu
STU0932, Student 932, stu932@university.edu
STU0933, Student 933, stu933@university.edu
STU0934, Student 934, stu934@university.edu
STU0935, Student 935, stu935@university.edu
STU0580, Student 580, stu580@university.edu
STU0581, Student 581, stu581@university.edu
STU0340, Student 340, stu340@university.edu
STU0582, Student 582, stu582@university.edu
STU0341, Student 341, stu341@university.edu
STU0583, Student 583, stu583@university.edu
STU0100, Student 100, stu100@university.edu
STU0342, Student 342, stu342@university.edu
STU0584, Student 584, stu584@university.edu
STU0101, Student 101, stu101@university.edu
STU0343, Student 343, stu343@university.edu
STU0585, Student 585, stu585@university.edu
STU0102, Student 102, stu102@university.edu
STU0344, Student 344, stu344@university.edu
STU0586, Student 586, stu586@university.edu
STU0103, Student 103, stu103@university.edu
STU0345, Student 345, stu345@university.edu
STU0587, Student 587, stu587@university.edu
STU0104, Student 104, stu104@university.edu
STU0346, Student 346, stu346@university.edu
STU0588, Student 588, stu588@university.edu
STU0105, Student 105, stu105@university.edu
STU0347, Student 347, stu347@university.edu
STU0589, Student 589, stu589@university.edu
STU0106, Student 106, stu106@university.edu
STU0348, Student 348, stu348@university.edu
STU0107, Student 107, stu107@university.edu
STU0349, Student 349, stu349@university.edu
STU0108, Student 108, stu108@university.edu
STU0109, Student 109, stu109@university.edu
STU0590, Student 590, stu590@university.edu
STU0591, Student 591, stu591@university.edu
STU0350, Student 350, stu350@university.edu
STU0592, Student 592, stu592@university.edu
STU0351, Student 351, stu351@university.edu
STU0593, Student 593, stu593@university.edu
STU0110, Student 110, stu110@university.edu
STU0352, Student 352, stu352@university.edu
STU0594, Student 594, stu594@university.edu
STU0111, Student 111, stu111@university.edu
STU0353, Student 353, stu353@university.edu
STU0595, Student 595, stu595@university.edu
STU0112, Student 112, stu112@university.edu
STU0354, Student 354, stu354@university.edu
STU0596, Student 596, stu596@university.edu
STU0113, Student 113, stu113@university.edu
STU0355, Student 355, stu355@university.edu
STU0597, Student 597, stu597@university.edu
STU0114, Student 114, stu114@university.edu
STU0356, Student 356, stu356@university.edu
STU0598, Student 598, stu598@university.edu
STU0115, Student 115, stu115@university.edu
STU0357, Student 357, stu357@university.edu
STU0599, Student 599, stu599@university.edu
STU0116, Student 116, stu116@university.edu
STU0358, Student 358, stu358@university.edu
STU0117, Student 117, stu117@university.edu
STU0359, Student 359, stu359@university.edu
STU0118, Student 118, stu118@university.edu
STU0119, Student 119, stu119@university.edu
STU0560, Student 560, stu560@university.edu
STU0561, Student 561, stu561@university.edu
STU0320, Student 320, stu320@university.edu
STU0562, Student 562, stu562@university.edu
STU0321, Student 321, stu321@university.edu
STU0563, Student 563, stu563@university.edu
STU0322, Student 322, stu322@university.edu
STU0564, Student 564, stu564@university.edu
STU0323, Student 323, stu323@university.edu
STU0565, Student 565, stu565@university.edu
STU0324, Student 324, stu324@university.edu
STU0566, Student 566, stu566@university.edu
STU0325, Student 325, stu325@university.edu
STU0567, Student 567, stu567@university.edu
STU0326, Student 326, stu326@university.edu
STU0568, Student 568, stu568@university.edu
STU0327, Student 327, stu327@university.edu
STU0569, Student 569, stu569@university.edu
STU0328, Student 328, stu328@university.edu
STU0329, Student 329, stu329@university.edu
STU0570, Student 570, stu570@university.edu
STU0571, Student 571, stu571@university.edu
STU0330, Student 330, stu330@university.edu
STU0572, Student 572, stu572@university.edu
STU0331, Student 331, stu331@university.edu
STU0573, Student 573, stu573@university.edu
STU0332, Student 332, stu332@university.edu
STU0574, Student 574, stu574@university.edu
STU0333, Student 333, stu333@university.edu
STU0575, Student 575, stu575@university.edu
STU0334, Student 334, stu334@university.edu
STU0576, Student 576, stu576@university.edu
STU0335, Student 335, stu335@university.edu
STU0577, Student 577, stu577@university.edu
STU0336, Student 336, stu336@university.edu
STU0578, Student 578, stu578@university.edu
STU0337, Student 337, stu337@university.edu
STU0579, Student 579, stu579@university.edu
STU0338, Student 338, stu338@university.edu
STU0339, Student 339, stu339@university.edu
STU0780, Student 780, stu780@university.edu
STU0781, Student 781, stu781@university.edu
STU0540, Student 540, stu540@university.edu
STU0782, Student 782, stu782@university.edu
STU0541, Student 541, stu541@university.edu
STU0783, Student 783, stu783@university.edu
STU0300, Student 300, stu300@university.edu
STU0542, Student 542, stu542@university.edu
STU0784, Student 784, stu784@university.edu
STU0301, Student 301, stu301@university.edu
STU0543, Student 543, stu543@university.edu
STU0785, Student 785, stu785@university.edu
STU0302, Student 302, stu302@university.edu
STU0544, Student 544, stu544@university.edu
STU0786, Student 786, stu786@university.edu
STU0303, Student 303, stu303@university.edu
STU0545, Student 545, stu545@university.edu
STU0787, Student 787, stu787@university.edu
STU0304, Student 304, stu304@university.edu
STU0546, Student 546, stu546@university.edu
STU0788, Student 788, stu788@university.edu
STU0305, Student 305, stu305@university.edu
STU0547, Student 547, stu547@university.edu
STU0789, Student 789, stu789@university.edu
STU0306, Student 306, stu306@university.edu
STU0548, Student 548, stu548@university.edu
STU0307, Student 307, stu307@university.edu
STU0549, Student 549, stu549@university.edu
STU0308, Student 308, stu308@university.edu
STU0309, Student 309, stu309@university.edu
STU0790, Student 790, stu790@university.edu
STU0791, Student 791, stu791@university.edu
STU0550, Student 550, stu550@university.edu
STU0792, Student 792, stu792@university.edu
STU0551, Student 551, stu551@university.edu
STU0793, Student 793, stu793@university.edu
STU0310, Student 310, stu310@university.edu
STU0552, Student 552, stu552@university.edu
STU0794, Student 794, stu794@university.edu
STU0311, Student 311, stu311@university.edu
STU0553, Student 553, stu553@university.edu
STU0795, Student 795, stu795@university.edu
STU0312, Student 312, stu312@university.edu
STU0554, Student 554, stu554@university.edu
STU0796, Student 796, stu796@university.edu
STU0313, Student 313, stu313@university.edu
STU0555, Student 555, stu555@university.edu
STU0797, Student 797, stu797@university.edu
STU0314, Student 314, stu314@university.edu
STU0556, Student 556, stu556@university.edu
STU0798, Student 798, stu798@university.edu
STU0315, Student 315, stu315@university.edu
STU0557, Student 557, stu557@university.edu
STU0799, Student 799, stu799@university.edu
STU0316, Student 316, stu316@university.edu
STU0558, Student 558, stu558@university.edu
STU0317, Student 317, stu317@university.edu
STU0559, Student 559, stu559@university.edu
STU0318, Student 318, stu318@university.edu
STU0319, Student 319, stu319@university.edu
STU0518, Student 518, stu518@university.edu
STU0519, Student 519, stu519@university.edu
STU0760, Student 760, stu760@university.edu
STU0761, Student 761, stu761@university.edu
STU0520, Student 520, stu520@university.edu
STU0762, Student 762, stu762@university.edu
STU0521, Student 521, stu521@university.edu
STU0763, Student 763, stu763@university.edu
STU0522, Student 522, stu522@university.edu
STU0764, Student 764, stu764@university.edu
STU0523, Student 523, stu523@university.edu
STU0765, Student 765, stu765@university.edu
STU0524, Student 524, stu524@university.edu
STU0766, Student 766, stu766@university.edu
STU0525, Student 525, stu525@university.edu
STU0767, Student 767, stu767@university.edu
STU0526, Student 526, stu526@university.edu
STU0768, Student 768, stu768@university.edu
STU0527, Student 527, stu527@university.edu
STU0769, Student 769, stu769@university.edu
STU0528, Student 528, stu528@university.edu
STU0529, Student 529, stu529@university.edu
STU0770, Student 770, stu770@university.edu
STU0771, Student 771, stu771@university.edu
STU0530, Student 530, stu530@university.edu
STU0772, Student 772, stu772@university.edu
STU0531, Student 531, stu531@university.edu
STU0773, Student 773, stu773@university.edu
STU0532, Student 532, stu532@university.edu
STU0774, Student 774, stu774@university.edu
STU0533, Student 533, stu533@university.edu
STU0775, Student 775, stu775@university.edu
STU0534, Student 534, stu534@university.edu
STU0776, Student 776, stu776@university.edu
STU0535, Student 535, stu535@university.edu
STU0777, Student 777, stu777@university.edu
STU0536, Student 536, stu536@university.edu
STU0778, Student 778, stu778@university.edu
STU0537, Student 537, stu537@university.edu
STU0779, Student 779, stu779@university.edu
STU0538, Student 538, stu538@university.edu
STU0539, Student 539, stu539@university.edu
STU0060, Student 60, stu60@university.edu
STU0061, Student 61, stu61@university.edu
STU0062, Student 62, stu62@university.edu
STU0063, Student 63, stu63@university.edu
STU0064, Student 64, stu64@university.edu
STU0065, Student 65, stu65@university.edu
STU0066, Student 66, stu66@university.edu
STU0067, Student 67, stu67@university.edu
STU0068, Student 68, stu68@university.edu
STU0069, Student 69, stu69@university.edu
STU0070, Student 70, stu70@university.edu
STU0071, Student 71, stu71@university.edu
STU0072, Student 72, stu72@university.edu
STU0073, Student 73, stu73@university.edu
STU0074, Student 74, stu74@university.edu
STU0075, Student 75, stu75@university.edu
STU0076, Student 76, stu76@university.edu
STU0077, Student 77, stu77@university.edu
STU0078, Student 78, stu78@university.edu
STU0079, Student 79, stu79@university.edu
STU0280, Student 280, stu280@university.edu
STU0281, Student 281, stu281@university.edu
STU0040, Student 40, stu40@university.edu
STU0282, Student 282, stu282@university.edu
STU0041, Student 41, stu41@university.edu
STU0283, Student 283, stu283@university.edu
STU0042, Student 42, stu42@university.edu
STU0284, Student 284, stu284@university.edu
STU0043, Student 43, stu43@university.edu
STU0285, Student 285, stu285@university.edu
STU0044, Student 44, stu44@university.edu
STU0286, Student 286, stu286@university.edu
STU0045, Student 45, stu45@university.edu
STU0287, Student 287, stu287@university.edu
STU0046, Student 46, stu46@university.edu
STU0288, Student 288, stu288@university.edu
STU0047, Student 47, stu47@university.edu
STU0289, Student 289, stu289@university.edu
STU0048, Student 48, stu48@university.edu
STU0049, Student 49, stu49@university.edu
STU0290, Student 290, stu290@university.edu
STU0291, Student 291, stu291@university.edu
STU0050, Student 50, stu50@university.edu
STU0292, Student 292, stu292@university.edu
STU0051, Student 51, stu51@university.edu
STU0293, Student 293, stu293@university.edu
STU0052, Student 52, stu52@university.edu
STU0294, Student 294, stu294@university.edu
STU0053, Student 53, stu53@university.edu
STU0295, Student 295, stu295@university.edu
STU0054, Student 54, stu54@university.edu
STU0296, Student 296, stu296@university.edu
STU0055, Student 55, stu55@university.edu
STU0297, Student 297, stu297@university.edu
STU0056, Student 56, stu56@university.edu
STU0298, Student 298, stu298@university.edu
STU0057, Student 57, stu57@university.edu
STU0299, Student 299, stu299@university.edu
STU0058, Student 58, stu58@university.edu
STU0059, Student 59, stu59@university.edu
STU0260, Student 260, stu260@university.edu
STU0261, Student 261, stu261@university.edu
STU0020, Student 20, stu20@university.edu
STU0262, Student 262, stu262@university.edu
STU0021, Student 21, stu21@university.edu
STU0263, Student 263, stu263@university.edu
STU0022, Student 22, stu22@university.edu
STU0264, Student 264, stu264@university.edu
STU0023, Student 23, stu23@university.edu
STU0265, Student 265, stu265@university.edu
STU0024, Student 24, stu24@university.edu
STU0266, Student 266, stu266@university.edu
STU0025, Student 25, stu25@university.edu
STU0267, Student 267, stu267@university.edu
STU0026, Student 26, stu26@university.edu
STU0268, Student 268, stu268@university.edu
STU0027, Student 27, stu27@university.edu
STU0269, Student 269, stu269@university.edu
STU0028, Student 28, stu28@university.edu
STU0029, Student 29, stu29@university.edu
STU0270, Student 270, stu270@university.edu
STU0271, Student 271, stu271@university.edu
STU0030, Student 30, stu30@university.edu
STU0272, Student 272, stu272@university.edu
STU0031, Student 31, stu31@university.edu
STU0273, Student 273, stu273@university.edu
STU0032, Student 32, stu32@university.edu
STU0274, Student 274, stu274@university.edu
STU0033, Student 33, stu33@university.edu
STU0275, Student 275, stu275@university.edu
STU0034, Student 34, stu34@university.edu
STU0276, Student 276, stu276@university.edu
STU0035, Student 35, stu35@university.edu
STU0277, Student 277, stu277@university.edu
STU0036, Student 36, stu36@university.edu
STU0278, Student 278, stu278@university.edu
STU0037, Student 37, stu37@university.edu
STU0279, Student 279, stu279@university.edu
STU0038, Student 38, stu38@university.edu
STU0039, Student 39, stu39@university.edu
STU0480, Student 480, stu480@university.edu
STU0481, Student 481, stu481@university.edu
STU0240, Student 240, stu240@university.edu
STU0482, Student 482, stu482@university.edu
STU0241, Student 241, stu241@university.edu
STU0483, Student 483, stu483@university.edu
STU0242, Student 242, stu242@university.edu
STU0484, Student 484, stu484@university.edu
STU0001, Student 1, stu1@university.edu
STU0243, Student 243, stu243@university.edu
STU0485, Student 485, stu485@university.edu
STU0002, Student 2, stu2@university.edu
STU0244, Student 244, stu244@university.edu
STU0486, Student 486, stu486@university.edu
STU0003, Student 3, stu3@university.edu
STU0245, Student 245, stu245@university.edu
STU0487, Student 487, stu487@university.edu
STU0004, Student 4, stu4@university.edu
STU0246, Student 246, stu246@university.edu
STU0488, Student 488, stu488@university.edu
STU0005, Student 5, stu5@university.edu
STU0247, Student 247, stu247@university.edu
STU0489, Student 489, stu489@university.edu
STU0006, Student 6, stu6@university.edu
STU0248, Student 248, stu248@university.edu
STU0007, Student 7, stu7@university.edu
STU0249, Student 249, stu249@university.edu
STU0008, Student 8, stu8@university.edu
STU0009, Student 9, stu9@university.edu
STU0490, Student 490, stu490@university.edu
STU0491, Student 491, stu491@university.edu
STU0250, Student 250, stu250@university.edu
STU0492, Student 492, stu492@university.edu
STU0251, Student 251, stu251@university.edu
STU0493, Student 493, stu493@university.edu
STU0010, Student 10, stu10@university.edu
STU0252, Student 252, stu252@university.edu
STU0494, Student 494, stu494@university.edu
STU0011, Student 11, stu11@university.edu
STU0253, Student 253, stu253@university.edu
STU0495, Student 495, stu495@university.edu
STU0012, Student 12, stu12@university.edu
STU0254, Student 254, stu254@university.edu
STU0496, Student 496, stu496@university.edu
STU0013, Student 13, stu13@university.edu
STU0255, Student 255, stu255@university.edu
STU0497, Student 497, stu497@university.edu
STU0014, Student 14, stu14@university.edu
STU0256, Student 256, stu256@university.edu
STU0498, Student 498, stu498@university.edu
STU0015, Student 15, stu15@university.edu
STU0257, Student 257, stu257@university.edu
STU0499, Student 499, stu499@university.edu
STU0016, Student 16, stu16@university.edu
STU0258, Student 258, stu258@university.edu
STU0017, Student 17, stu17@university.edu
STU0259, Student 259, stu259@university.edu
STU0018, Student 18, stu18@university.edu
STU0019, Student 19, stu19@university.edu
STU0900, Student 900, stu900@university.edu
STU0901, Student 901, stu901@university.edu
STU0902, Student 902, stu902@university.edu
STU0903, Student 903, stu903@university.edu
STU0904, Student 904, stu904@university.edu
STU0905, Student 905, stu905@university.edu
STU0906, Student 906, stu906@university.edu
STU0907, Student 907, stu907@university.edu
STU0908, Student 908, stu908@university.edu
STU0909, Student 909, stu909@university.edu
STU0910, Student 910, stu910@university.edu
STU0911, Student 911, stu911@university.edu
STU0912, Student 912, stu912@university.edu
STU0913, Student 913, stu913@university.edu
STU0080, Student 80, stu80@university.edu
STU0081, Student 81, stu81@university.edu
STU0082, Student 82, stu82@university.edu
STU0083, Student 83, stu83@university.edu
STU0084, Student 84, stu84@university.edu
STU0085, Student 85, stu85@university.edu
STU0086, Student 86, stu86@university.edu
STU0087, Student 87, stu87@university.edu
STU0088, Student 88, stu88@university.edu
STU0089, Student 89, stu89@university.edu
STU0090, Student 90, stu90@university.edu
STU0091, Student 91, stu91@university.edu
STU0092, Student 92, stu92@university.edu
STU0093, Student 93, stu93@university.edu
STU0094, Student 94, stu94@university.edu
STU0095, Student 95, stu95@university.edu
STU0096, Student 96, stu96@university.edu
STU0097, Student 97, stu97@university.edu
STU0098, Student 98, stu98@university.edu
STU0099, Student 99, stu99@university.edu
